지역,품명,설명(효능),,,,,,,,,,,,,,,,,,,,,,,,,,,,,,,,,,,,,,,,,,,,,,,,,,,,,,,,,,,,,,,,,,,,,,,,,,,,,,,,,,,,,,,,,,,,,,,,,,,,,,,,,,,,,,,,,,,,,,,,,,,,,,,,,,,,,,,,,,,,,,,,,,,,,,,,,,,,,,,,,,,,,,,,,,,,,,,,,,,,,,,,,,,,,,,,,,,,,,,,,,,,,,,,,,,,,,,,,,,,,,,,,,,,,,,,,,,,,,,,,,,,,,,,,,,
홍천,찰옥수수,종피는 자주색으로 안토시아닌 색소를 함유하여 항산화 작용과 시아니딘글루코사이드 성분에 의한 항비만 교과가 있는 기능성 찰옥수수입니다.,,,,,,,,,,,,,,,,,,,,,,,,,,,,,,,,,,,,,,,,,,,,,,,,,,,,,,,,,,,,,,,,,,,,,,,,,,,,,,,,,,,,,,,,,,,,,,,,,,,,,,,,,,,,,,,,,,,,,,,,,,,,,,,,,,,,,,,,,,,,,,,,,,,,,,,,,,,,,,,,,,,,,,,,,,,,,,,,,,,,,,,,,,,,,,,,,,,,,,,,,,,,,,,,,,,,,,,,,,,,,,,,,,,,,,,,,,,,,,,,,,,,,,,,,,,
홍천,산마늘,"산마늘은 백합과에 속하는 다년생 식물로 우리나라에는 설악산, 지리산, 울릉도에 자생하고 있으며 우리나라에서는 크게 울릉도종과 오대산종이 있다. 울릉도종은 생육이 빠르고 잎이 넓으며 해발이 낮은 곳에서도 재배가 가능한 반면 오대산종은 생육이 느리고 잎이 뾰족하고 길며 해발 600m이상의 고지대에서 재배가 가능하여 홍천 내면지역이 재배적합지로 고품질 산마늘 생산이 가능하다. 산마늘은 명이나물이라는 별칭으로 많이 불리워지고 있는데 그 이유는 조선시대 후기 개척령으로 인하여 울릉도에 정착하신 선조들이 한겨울에 식량이 없어서 거의 아사직전에 산마늘을 먹고 목숨을 이었다 하여 명이나물이라는 명칭이 생겨났다고 한다. 효능으로는 섬유질이 풍부해 장 운동을 자극하여 독성을 배출하고 비타민A가 많아 피부에 좋고 시력을 강화시키고 감기 저항력을 높이고 콜레스테롤 생합성 과정에 작용하는 효소 활성을 70%이상 방지해 콜레스테롤 생성을 억제하여 고혈압, 심혈관계 질환환자에게 좋은 음식으로 알려져 있다. 스코류지닌이라는 성분이 들어있어 자양강장에도 효과가 있다. ",,,,,,,,,,,,,,,,,,,,,,,,,,,,,,,,,,,,,,,,,,,,,,,,,,,,,,,,,,,,,,,,,,,,,,,,,,,,,,,,,,,,,,,,,,,,,,,,,,,,,,,,,,,,,,,,,,,,,,,,,,,,,,,,,,,,,,,,,,,,,,,,,,,,,,,,,,,,,,,,,,,,,,,,,,,,,,,,,,,,,,,,,,,,,,,,,,,,,,,,,,,,,,,,,,,,,,,,,,,,,,,,,,,,,,,,,,,,,,,,,,,,,,,,,,,
홍천,눈개승마(삼나물),"장미과에 속하는 다년생 식물로 전국 고산지대에 분포하며 어린순은 말려서 나물로 이용하고 고사리 대용으로 비빔밥 등 이용도가 다양하다. 경사지 토양유실 방지나 교목하부의 지피 녹화용으로 이용되고 있다. 눈개승마는 예부터 한방에서 전초(잎,줄기,꽃,뿌리를 가진 풀포기 전체를 일컫는 것임)를 해독, 편도선염, 지혈 및 강정제로 사용해 왔다. 삶아 내면 고기 맛이 나고 풍미가 뛰어나며 인삼처럼 사포닌이 함유되어 있고 잎이 삼을 닮아서 삼나물이라고 불리우고 있다. ",,,,,,,,,,,,,,,,,,,,,,,,,,,,,,,,,,,,,,,,,,,,,,,,,,,,,,,,,,,,,,,,,,,,,,,,,,,,,,,,,,,,,,,,,,,,,,,,,,,,,,,,,,,,,,,,,,,,,,,,,,,,,,,,,,,,,,,,,,,,,,,,,,,,,,,,,,,,,,,,,,,,,,,,,,,,,,,,,,,,,,,,,,,,,,,,,,,,,,,,,,,,,,,,,,,,,,,,,,,,,,,,,,,,,,,,,,,,,,,,,,,,,,,,,,,
홍천,곰취,"국화과의 다년생 식물로 한국, 일본, 중국 등에서 자생하고 있다. 곰취는 잎 모양이 곰 발바닥을 닮았다고 하여 ‘곰취’라는 이름이 붙여졌다고도 하고 깊은 산 속 곰이 겨울잠에서 깨어나 가장 먼저 찾아 먹는다고 하여 이름 붙여졌다고도 한다. 곰취는 둥근 잎을 가진 채소류로 4월 말부터 6월 초까지가 제철이다. 서늘한 고산지대에 자생하는 산나물로 햇빛이 잘 들고 기온이 높은 건조한 곳에서 자라면 잎이 오그라들어 잘 자라지 못하고 습기가 충분하면서 햇빛이 덜 드는 곳에서 잘 자란다. 쌉싸름하고 은은하게 풍기는 상큼한 향이 매력인 곰취는 단백질, 탄수화물, 칼슘, 비타민A, 비타민C가 풍부하게 함유되어있고 각종 영양소가 풍부해 산나물의 제왕으로 불리는데, 베타카로틴 100g당 무려 4,415㎍ 함유되어 있고 상추보다 비타민C가 6배, 섬유소가 8배 이상 함유하고 있다. 곰취의 효능은 고기를 태우면 생기는 강력한 발암물질인 “벤조피렌”의 활성을 60~80% 억제하고 칼슘이 산나물중 가장 많이 들어 있어 이빨이나 뼈 등 골격 형성에 아주 좋다. 간암 및 자궁암 세포 성장을 억제하며, 항염 및 지혈 작용에도 좋은 것으로 알려져 있다. ",,,,,,,,,,,,,,,,,,,,,,,,,,,,,,,,,,,,,,,,,,,,,,,,,,,,,,,,,,,,,,,,,,,,,,,,,,,,,,,,,,,,,,,,,,,,,,,,,,,,,,,,,,,,,,,,,,,,,,,,,,,,,,,,,,,,,,,,,,,,,,,,,,,,,,,,,,,,,,,,,,,,,,,,,,,,,,,,,,,,,,,,,,,,,,,,,,,,,,,,,,,,,,,,,,,,,,,,,,,,,,,,,,,,,,,,,,,,,,,,,,,,,,,,,,,
홍천,배,"1990년대 중반 신소득작목으로 집중육성되어 성목이 많고 수확기 주야간 일교차가 커 당도가 12°Bx이상으로 높고 과육이 단단한 고품질의 배가 생산된다. 만생종인 ‘신고’품종의 비율이 높으나 국내육성 신품종인 원황, 황금, 화산 등이 명절(추석) 전후로 하여 조기 출하되고 있다. ",,,,,,,,,,,,,,,,,,,,,,,,,,,,,,,,,,,,,,,,,,,,,,,,,,,,,,,,,,,,,,,,,,,,,,,,,,,,,,,,,,,,,,,,,,,,,,,,,,,,,,,,,,,,,,,,,,,,,,,,,,,,,,,,,,,,,,,,,,,,,,,,,,,,,,,,,,,,,,,,,,,,,,,,,,,,,,,,,,,,,,,,,,,,,,,,,,,,,,,,,,,,,,,,,,,,,,,,,,,,,,,,,,,,,,,,,,,,,,,,,,,,,,,,,,,
홍천,포도,"1990년대 중반 소득작목으로 켐벨얼리, 탐나라, 스튜벤 등이 집중육성되어 성목이 많다. 최근 2007년부터 지역적응시험을 마친 내한성이 뛰어난 청향, 블랙스타 등의 고부가가치 3배체포도가 2012년부터 집중식재되고 있어 향후 일반포도(켐벨얼리 등, 15°Bx)부터 고급포도(청향, 스튜벤 등, 23°Bx)까지 다양한 포도가 생산되고 있다.",,,,,,,,,,,,,,,,,,,,,,,,,,,,,,,,,,,,,,,,,,,,,,,,,,,,,,,,,,,,,,,,,,,,,,,,,,,,,,,,,,,,,,,,,,,,,,,,,,,,,,,,,,,,,,,,,,,,,,,,,,,,,,,,,,,,,,,,,,,,,,,,,,,,,,,,,,,,,,,,,,,,,,,,,,,,,,,,,,,,,,,,,,,,,,,,,,,,,,,,,,,,,,,,,,,,,,,,,,,,,,,,,,,,,,,,,,,,,,,,,,,,,,,,,,,
홍천,사과,기후변화에 대응한 신소득작목으로 2011년부터 본격적으로 과원조성이 시작되어 전체 면적 중 유목이 많으며 수확기 주야간 일교차가 커 당도 14°Bx이상으로 높고 착색이 양호하다. 농가당 재배면적(평균)이 1ha이하로 집약관리를 통한 고품질의 사과가 생산되고 있다. ,,,,,,,,,,,,,,,,,,,,,,,,,,,,,,,,,,,,,,,,,,,,,,,,,,,,,,,,,,,,,,,,,,,,,,,,,,,,,,,,,,,,,,,,,,,,,,,,,,,,,,,,,,,,,,,,,,,,,,,,,,,,,,,,,,,,,,,,,,,,,,,,,,,,,,,,,,,,,,,,,,,,,,,,,,,,,,,,,,,,,,,,,,,,,,,,,,,,,,,,,,,,,,,,,,,,,,,,,,,,,,,,,,,,,,,,,,,,,,,,,,,,,,,,,,,
홍천,복숭아,"2000년대 들어 남면지역에서 직접 육종한 당도가 13°Bx이상이고 육질이 단단하며, 내한성이 강한 ‘대홍’(육종가 고종현)을 중심으로 집중 식재되어 생산되고 있으며, 장호원황도, 천중도 등과 혼재함으로써 숙기별로 생산·출하되고 있다.  ",,,,,,,,,,,,,,,,,,,,,,,,,,,,,,,,,,,,,,,,,,,,,,,,,,,,,,,,,,,,,,,,,,,,,,,,,,,,,,,,,,,,,,,,,,,,,,,,,,,,,,,,,,,,,,,,,,,,,,,,,,,,,,,,,,,,,,,,,,,,,,,,,,,,,,,,,,,,,,,,,,,,,,,,,,,,,,,,,,,,,,,,,,,,,,,,,,,,,,,,,,,,,,,,,,,,,,,,,,,,,,,,,,,,,,,,,,,,,,,,,,,,,,,,,,,
홍천,오이,"허브액기스(오이의 단맛을 내게 하고 향을 내기 위해서 사용)로 재배하여 오이꼭지도 쓰지 않고 단맛이 나며, 캡을 이용해 규격화하고 저 농약으로 재배(오이에 직접적으로 농약이 닿지 않음)하여 씻지 않고 먹을 수 있다.",,,,,,,,,,,,,,,,,,,,,,,,,,,,,,,,,,,,,,,,,,,,,,,,,,,,,,,,,,,,,,,,,,,,,,,,,,,,,,,,,,,,,,,,,,,,,,,,,,,,,,,,,,,,,,,,,,,,,,,,,,,,,,,,,,,,,,,,,,,,,,,,,,,,,,,,,,,,,,,,,,,,,,,,,,,,,,,,,,,,,,,,,,,,,,,,,,,,,,,,,,,,,,,,,,,,,,,,,,,,,,,,,,,,,,,,,,,,,,,,,,,,,,,,,,,
홍천,풋고추,"강원도 홍천 지왕동 해발 500m에서 재배한 아삭이 고추, 육질이 두꺼우면서 아삭아삭 씹히는 느낌은 오이와 같다. 처음 씹을 때에는 단맛이 나며, 꼭지 쪽으로 갈수록 약간 매워지나 가볍게 매우면서도 단맛이 나는 것이 특징이다.",,,,,,,,,,,,,,,,,,,,,,,,,,,,,,,,,,,,,,,,,,,,,,,,,,,,,,,,,,,,,,,,,,,,,,,,,,,,,,,,,,,,,,,,,,,,,,,,,,,,,,,,,,,,,,,,,,,,,,,,,,,,,,,,,,,,,,,,,,,,,,,,,,,,,,,,,,,,,,,,,,,,,,,,,,,,,,,,,,,,,,,,,,,,,,,,,,,,,,,,,,,,,,,,,,,,,,,,,,,,,,,,,,,,,,,,,,,,,,,,,,,,,,,,,,,
홍천,애호박,"홍천에서 재배되는 애호박은 육질이 단단하고 캡을 씌워서 재배하므로 농약이나 병해에 대해 비교적 안전한 편이고, 노지 재배되며 아치형 터널에서 유인재배를 한다",,,,,,,,,,,,,,,,,,,,,,,,,,,,,,,,,,,,,,,,,,,,,,,,,,,,,,,,,,,,,,,,,,,,,,,,,,,,,,,,,,,,,,,,,,,,,,,,,,,,,,,,,,,,,,,,,,,,,,,,,,,,,,,,,,,,,,,,,,,,,,,,,,,,,,,,,,,,,,,,,,,,,,,,,,,,,,,,,,,,,,,,,,,,,,,,,,,,,,,,,,,,,,,,,,,,,,,,,,,,,,,,,,,,,,,,,,,,,,,,,,,,,,,,,,,
홍천,단호박,단호박의 주 재배지역이 준고랭지로 단호박 재배에 적합한 여건을 갖추고 있으며 주야간 일교차가 크고 일조량이 풍부한 시기(4월~9월)에 재배되므로 당도가 높고 육질이 단단하여 저장성이 좋은 단호박이 생산된다. 재배형태는 아치형 파이프를 이용한 유인재배로 고품질 생산에 적합하다,,,,,,,,,,,,,,,,,,,,,,,,,,,,,,,,,,,,,,,,,,,,,,,,,,,,,,,,,,,,,,,,,,,,,,,,,,,,,,,,,,,,,,,,,,,,,,,,,,,,,,,,,,,,,,,,,,,,,,,,,,,,,,,,,,,,,,,,,,,,,,,,,,,,,,,,,,,,,,,,,,,,,,,,,,,,,,,,,,,,,,,,,,,,,,,,,,,,,,,,,,,,,,,,,,,,,,,,,,,,,,,,,,,,,,,,,,,,,,,,,,,,,,,,,,,
홍천,가지,"고온성 작물로서 생육적온은 22~25℃이고, 17℃이하에서는 생육이 정지 되며, 특히 서리에 약하다. 15~16℃ 이하에서는 비정상적인 꽃가루의 비율이 많아지고, 개화결 실 모두 고온에서 촉진되는데 20~30℃가 결실적온이고 35℃이상이 되면 꽃가루의 기능은 떨어진다.",,,,,,,,,,,,,,,,,,,,,,,,,,,,,,,,,,,,,,,,,,,,,,,,,,,,,,,,,,,,,,,,,,,,,,,,,,,,,,,,,,,,,,,,,,,,,,,,,,,,,,,,,,,,,,,,,,,,,,,,,,,,,,,,,,,,,,,,,,,,,,,,,,,,,,,,,,,,,,,,,,,,,,,,,,,,,,,,,,,,,,,,,,,,,,,,,,,,,,,,,,,,,,,,,,,,,,,,,,,,,,,,,,,,,,,,,,,,,,,,,,,,,,,,,,,
홍천,6년근 인삼,"우량 경작지 여건이 좋을 뿐만 아니라 타 시도에 비하여 인삼을 재배할 수 있는 경작지가 풍부하여 지속적인 확대를 통하여 6년근 홍삼생산의 주산지로 육성중이며, 특히 홍천에서 강원ㆍ홍천인삼축제가 개최되고 있어 인삼생산뿐만 아니라 가공, 관광과 연계한 인삼의 특성화ㆍ명품화에 유리한 조건을 갖추고 있다.",,,,,,,,,,,,,,,,,,,,,,,,,,,,,,,,,,,,,,,,,,,,,,,,,,,,,,,,,,,,,,,,,,,,,,,,,,,,,,,,,,,,,,,,,,,,,,,,,,,,,,,,,,,,,,,,,,,,,,,,,,,,,,,,,,,,,,,,,,,,,,,,,,,,,,,,,,,,,,,,,,,,,,,,,,,,,,,,,,,,,,,,,,,,,,,,,,,,,,,,,,,,,,,,,,,,,,,,,,,,,,,,,,,,,,,,,,,,,,,,,,,,,,,,,,,
홍천,늘푸름 한우,"천혜의 높은 산, 맑은 물 청정지역 홍천에서 자란 한우 ""늘 푸름""은 전국 한우협회 홍천군 지부 회원들이 전국에서 처음으로 개발하여 생산하는 알코올 발효사료를 급여하여 만든 최고 등급의 고급육만을 말하며 맛과 품질 면에서 단연 앞선다",,,,,,,,,,,,,,,,,,,,,,,,,,,,,,,,,,,,,,,,,,,,,,,,,,,,,,,,,,,,,,,,,,,,,,,,,,,,,,,,,,,,,,,,,,,,,,,,,,,,,,,,,,,,,,,,,,,,,,,,,,,,,,,,,,,,,,,,,,,,,,,,,,,,,,,,,,,,,,,,,,,,,,,,,,,,,,,,,,,,,,,,,,,,,,,,,,,,,,,,,,,,,,,,,,,,,,,,,,,,,,,,,,,,,,,,,,,,,,,,,,,,,,,,,,,
홍천,오미자,"""동의보감""에서 오미자는 시고, 달고, 맵고, 쓰고, 짠 다섯가지 맛을 갖고 있는 양약으로, 거담, 진해, 정천(가쁜 숨을 바로 잡음), 청혈(피를 맑게), 검한(식은 땀을 거두게), 생진지갈(갈증을 없앤다), 보신(콩팥을 보하고), 견골근, 양오장(오장을 튼튼하게), 요유정(몽정을 없앤다), 강음강정(남여의 정력을 강하게), 부녀음냉(여자의 냉을 없앤다)으로 기록되어 있다.",,,,,,,,,,,,,,,,,,,,,,,,,,,,,,,,,,,,,,,,,,,,,,,,,,,,,,,,,,,,,,,,,,,,,,,,,,,,,,,,,,,,,,,,,,,,,,,,,,,,,,,,,,,,,,,,,,,,,,,,,,,,,,,,,,,,,,,,,,,,,,,,,,,,,,,,,,,,,,,,,,,,,,,,,,,,,,,,,,,,,,,,,,,,,,,,,,,,,,,,,,,,,,,,,,,,,,,,,,,,,,,,,,,,,,,,,,,,,,,,,,,,,,,,,,,
홍천,구기자,"중국의 전국시대 진나라 황제인 진시황제는 영원히 살고자 하는 마음이 강하여 무병장수 하길 빌어 불사약과 불로초를 신하에게 찾도록 명하여 불로장생약에 구기자를 처방하였으며, 간기능 개선 및 보호, 혈압저하, 콜레스테롤 저하, 항혈당, 골다공증 예방 및 근력향상, 항산화 및 피부미용 등의 효과가 있다",,,,,,,,,,,,,,,,,,,,,,,,,,,,,,,,,,,,,,,,,,,,,,,,,,,,,,,,,,,,,,,,,,,,,,,,,,,,,,,,,,,,,,,,,,,,,,,,,,,,,,,,,,,,,,,,,,,,,,,,,,,,,,,,,,,,,,,,,,,,,,,,,,,,,,,,,,,,,,,,,,,,,,,,,,,,,,,,,,,,,,,,,,,,,,,,,,,,,,,,,,,,,,,,,,,,,,,,,,,,,,,,,,,,,,,,,,,,,,,,,,,,,,,,,,,
홍천,홍천메일총떡/홍총떡,"예로부터 서민음식으로 자리잡아 온 홍천메밀총떡/홍총떡은 홍천을 대표하는 관광향토음식이며, 순한맛, 매운맛, 나물맛 등 3가지 맛으로 입맛에 따라 골라 드실 수 있습니다.",,,,,,,,,,,,,,,,,,,,,,,,,,,,,,,,,,,,,,,,,,,,,,,,,,,,,,,,,,,,,,,,,,,,,,,,,,,,,,,,,,,,,,,,,,,,,,,,,,,,,,,,,,,,,,,,,,,,,,,,,,,,,,,,,,,,,,,,,,,,,,,,,,,,,,,,,,,,,,,,,,,,,,,,,,,,,,,,,,,,,,,,,,,,,,,,,,,,,,,,,,,,,,,,,,,,,,,,,,,,,,,,,,,,,,,,,,,,,,,,,,,,,,,,,,,
양구,시래기,양구 지역에서 생산되는 펀치볼 시래기는 시래기 전통품종의 무청만을 사용하여 타지역의 시래기보다 훨씬 부드럽고 영양성분이 잘 보존되어 있다. 시래기는 비타민과 미네랄 식이섬유소가 골고루 들어가 있어 건강에 좋은 식품이다. ,,,,,,,,,,,,,,,,,,,,,,,,,,,,,,,,,,,,,,,,,,,,,,,,,,,,,,,,,,,,,,,,,,,,,,,,,,,,,,,,,,,,,,,,,,,,,,,,,,,,,,,,,,,,,,,,,,,,,,,,,,,,,,,,,,,,,,,,,,,,,,,,,,,,,,,,,,,,,,,,,,,,,,,,,,,,,,,,,,,,,,,,,,,,,,,,,,,,,,,,,,,,,,,,,,,,,,,,,,,,,,,,,,,,,,,,,,,,,,,,,,,,,,,,,,,
양구,곰취찐빵, 곰취 특유의 알싸한 향이 살아 있는 곰취 찐빵은 각종 영양성분은 물론 식이섬유가 많아 건강에도 좋은 웰빙 간식이다.,,,,,,,,,,,,,,,,,,,,,,,,,,,,,,,,,,,,,,,,,,,,,,,,,,,,,,,,,,,,,,,,,,,,,,,,,,,,,,,,,,,,,,,,,,,,,,,,,,,,,,,,,,,,,,,,,,,,,,,,,,,,,,,,,,,,,,,,,,,,,,,,,,,,,,,,,,,,,,,,,,,,,,,,,,,,,,,,,,,,,,,,,,,,,,,,,,,,,,,,,,,,,,,,,,,,,,,,,,,,,,,,,,,,,,,,,,,,,,,,,,,,,,,,,,,
양구,민들레,"민들레는 아토피 증상을 완화시켜주는 효과가 있으며 면역 개선, 환경호르몬 독성 해독 효과가 있으며 특히 알코올 추출물이나 물과 혼합할 때 그 효능이 더욱 뛰어나다. ",,,,,,,,,,,,,,,,,,,,,,,,,,,,,,,,,,,,,,,,,,,,,,,,,,,,,,,,,,,,,,,,,,,,,,,,,,,,,,,,,,,,,,,,,,,,,,,,,,,,,,,,,,,,,,,,,,,,,,,,,,,,,,,,,,,,,,,,,,,,,,,,,,,,,,,,,,,,,,,,,,,,,,,,,,,,,,,,,,,,,,,,,,,,,,,,,,,,,,,,,,,,,,,,,,,,,,,,,,,,,,,,,,,,,,,,,,,,,,,,,,,,,,,,,,,
양구,아스파라거스, 숙취해소를 돕는 성분인 아스파라긴산의 함량이 콩나물의 10배에 달하는 것으로 알려져 있으며  혈압과 체내 여분을 조절하는 루틴성분도 풍부하다. 아스파라거스는 동물성 단백질이 풍부한 베이컨과 함께 요리하면 영양적으로 더욱 우수한 요리가 되니 참고하여 섭취하기 바란다. ,,,,,,,,,,,,,,,,,,,,,,,,,,,,,,,,,,,,,,,,,,,,,,,,,,,,,,,,,,,,,,,,,,,,,,,,,,,,,,,,,,,,,,,,,,,,,,,,,,,,,,,,,,,,,,,,,,,,,,,,,,,,,,,,,,,,,,,,,,,,,,,,,,,,,,,,,,,,,,,,,,,,,,,,,,,,,,,,,,,,,,,,,,,,,,,,,,,,,,,,,,,,,,,,,,,,,,,,,,,,,,,,,,,,,,,,,,,,,,,,,,,,,,,,,,,
양구,사과,"양구사과는 일교차가 크다는 지역적 특성 때문에 타 지역의 같은 품종보다 단맛이 훨씬 진하고 아삭아삭해 소비자들에게 인기만점이다. 알칼리성 식품인 사과는  칼로리가 적어 살찔 걱정이 없는 것은 물론 몸에 좋은 성분 또한 가득해 건강에도 좋다.  식이섬유가 혈관에 쌓이는 유해 콜레스테롤을 몸 밖으로 내보내 동맥경화를 예방해주고 고혈압 예방, 뇌졸중 예방, 폐기능 강화 효과도 있다. ",,,,,,,,,,,,,,,,,,,,,,,,,,,,,,,,,,,,,,,,,,,,,,,,,,,,,,,,,,,,,,,,,,,,,,,,,,,,,,,,,,,,,,,,,,,,,,,,,,,,,,,,,,,,,,,,,,,,,,,,,,,,,,,,,,,,,,,,,,,,,,,,,,,,,,,,,,,,,,,,,,,,,,,,,,,,,,,,,,,,,,,,,,,,,,,,,,,,,,,,,,,,,,,,,,,,,,,,,,,,,,,,,,,,,,,,,,,,,,,,,,,,,,,,,,,
양구,곰취,"한방에서는 약재로도 사용할 만큼 그 효능이 뛰어나다.  풍부한 케타카로틴, 비타민 C 는 항암 효과와 혈액순환 개선에 도움을 주며 감기에도 좋고 변통 효과가 좋아 다이어트를 하는 사람들에게도 인기만점이다.",,,,,,,,,,,,,,,,,,,,,,,,,,,,,,,,,,,,,,,,,,,,,,,,,,,,,,,,,,,,,,,,,,,,,,,,,,,,,,,,,,,,,,,,,,,,,,,,,,,,,,,,,,,,,,,,,,,,,,,,,,,,,,,,,,,,,,,,,,,,,,,,,,,,,,,,,,,,,,,,,,,,,,,,,,,,,,,,,,,,,,,,,,,,,,,,,,,,,,,,,,,,,,,,,,,,,,,,,,,,,,,,,,,,,,,,,,,,,,,,,,,,,,,,,,,
양구,수박,양구수박은 일교차가 큰 양구의 지역적 특성 덕분에 당도가 높을 뿐 아니라 육질도 아삭아삭하다. 또한 저장기간도 길어 최고의 수박으로 이름나 있다. 이 맛있는 수박은 맛도 있지만 이뇨작용을 촉진시켜 노폐물을 배출시키며 노화방지와 암 예방 효과 까지 있어 건강에도 좋다. ,,,,,,,,,,,,,,,,,,,,,,,,,,,,,,,,,,,,,,,,,,,,,,,,,,,,,,,,,,,,,,,,,,,,,,,,,,,,,,,,,,,,,,,,,,,,,,,,,,,,,,,,,,,,,,,,,,,,,,,,,,,,,,,,,,,,,,,,,,,,,,,,,,,,,,,,,,,,,,,,,,,,,,,,,,,,,,,,,,,,,,,,,,,,,,,,,,,,,,,,,,,,,,,,,,,,,,,,,,,,,,,,,,,,,,,,,,,,,,,,,,,,,,,,,,,
양구,멜론,"특히 양구 멜론은 껍질이 노란색이고 그물 무늬가 없는 것이 특징인데,  2011년과 2012년 전국 탑(TOP) 과채 품질평가회에서 2년 연속으로 대상을 수상하는 등 전국 최고의 품질을 유지하고 있어 재배농가도 늘어나고 있으며 재배면적이 더욱 늘어날 것으로 보인다. 일교차가 큰 양구지역에서 생산되는 멜론은 당도가 높고, 저장성이 좋아 호평을 받고 있다.",,,,,,,,,,,,,,,,,,,,,,,,,,,,,,,,,,,,,,,,,,,,,,,,,,,,,,,,,,,,,,,,,,,,,,,,,,,,,,,,,,,,,,,,,,,,,,,,,,,,,,,,,,,,,,,,,,,,,,,,,,,,,,,,,,,,,,,,,,,,,,,,,,,,,,,,,,,,,,,,,,,,,,,,,,,,,,,,,,,,,,,,,,,,,,,,,,,,,,,,,,,,,,,,,,,,,,,,,,,,,,,,,,,,,,,,,,,,,,,,,,,,,,,,,,,
양구,방짜수저,방짜 수저는 망치로 쇠를 수백 번 이상 두드려 만들기 때문에 놋쇠 안에 공기구멍이 없다. 오래되면 오래 될수록 그 값어치를 발휘하며 입병 예방에도 좋다.,,,,,,,,,,,,,,,,,,,,,,,,,,,,,,,,,,,,,,,,,,,,,,,,,,,,,,,,,,,,,,,,,,,,,,,,,,,,,,,,,,,,,,,,,,,,,,,,,,,,,,,,,,,,,,,,,,,,,,,,,,,,,,,,,,,,,,,,,,,,,,,,,,,,,,,,,,,,,,,,,,,,,,,,,,,,,,,,,,,,,,,,,,,,,,,,,,,,,,,,,,,,,,,,,,,,,,,,,,,,,,,,,,,,,,,,,,,,,,,,,,,,,,,,,,,
양구,더덕,"양구 더덕은 진한 향과 아삭아삭한 육질로 양구를 대표하는 특산물 중 하나다. 뿌리에 흰 즙은 쓴맛을 내며 각종 약리작용을 하여 성인병 예방과 간장보호, 식욕 증진 등 많은 도움을 준다. 자연산과 오래된 것일수록 향이 강하고 약효가 높으며 양구 더덕은 단백질과 지방이 많고 담백한 맛을 낸다.",,,,,,,,,,,,,,,,,,,,,,,,,,,,,,,,,,,,,,,,,,,,,,,,,,,,,,,,,,,,,,,,,,,,,,,,,,,,,,,,,,,,,,,,,,,,,,,,,,,,,,,,,,,,,,,,,,,,,,,,,,,,,,,,,,,,,,,,,,,,,,,,,,,,,,,,,,,,,,,,,,,,,,,,,,,,,,,,,,,,,,,,,,,,,,,,,,,,,,,,,,,,,,,,,,,,,,,,,,,,,,,,,,,,,,,,,,,,,,,,,,,,,,,,,,,
양구,딸기, 남한에서 가장 위도가 높고 서늘한 양구에서는 여름부터 겨울까지 딸기 생산이 가능하다. 육질이 단단하고 보관 기간이 길어 제과업체의 케이크 장식용이나 수출용으로도 각광받고 있어 양구 딸기는 효자작물로 불리고 있다.,,,,,,,,,,,,,,,,,,,,,,,,,,,,,,,,,,,,,,,,,,,,,,,,,,,,,,,,,,,,,,,,,,,,,,,,,,,,,,,,,,,,,,,,,,,,,,,,,,,,,,,,,,,,,,,,,,,,,,,,,,,,,,,,,,,,,,,,,,,,,,,,,,,,,,,,,,,,,,,,,,,,,,,,,,,,,,,,,,,,,,,,,,,,,,,,,,,,,,,,,,,,,,,,,,,,,,,,,,,,,,,,,,,,,,,,,,,,,,,,,,,,,,,,,,,
양구,오대쌀,양구 쌀은 예부터 임금님께서 드시던 진상미로 유명하다. 금강산에서 흐르는 오염되지 않은 맑고 깨끗한 물과 청정 자연환경 속에서 재배한 쌀로서 기름기가 유난히 흐르고 밥맛이 좋으며 쌀 특유의 구수한 맛과 찰기가 뛰어나다. 반들거리는 윤기에 밥알이 살아 있고 고소한 맛이 뛰어난 전국 제1의 쌀을 자랑한다.,,,,,,,,,,,,,,,,,,,,,,,,,,,,,,,,,,,,,,,,,,,,,,,,,,,,,,,,,,,,,,,,,,,,,,,,,,,,,,,,,,,,,,,,,,,,,,,,,,,,,,,,,,,,,,,,,,,,,,,,,,,,,,,,,,,,,,,,,,,,,,,,,,,,,,,,,,,,,,,,,,,,,,,,,,,,,,,,,,,,,,,,,,,,,,,,,,,,,,,,,,,,,,,,,,,,,,,,,,,,,,,,,,,,,,,,,,,,,,,,,,,,,,,,,,,
철원,오대쌀,철원오대쌀은 1992년에 국립농산물품질관리원이 발표한 식미 검정 결과에서 전국 제일의 밥맛으로 평가되었고 2005년 제8회 전국쌀축제에서 대상을 수상하는 등 각종 쌀 평가에서 높은 평가를 받고 있다,,,,,,,,,,,,,,,,,,,,,,,,,,,,,,,,,,,,,,,,,,,,,,,,,,,,,,,,,,,,,,,,,,,,,,,,,,,,,,,,,,,,,,,,,,,,,,,,,,,,,,,,,,,,,,,,,,,,,,,,,,,,,,,,,,,,,,,,,,,,,,,,,,,,,,,,,,,,,,,,,,,,,,,,,,,,,,,,,,,,,,,,,,,,,,,,,,,,,,,,,,,,,,,,,,,,,,,,,,,,,,,,,,,,,,,,,,,,,,,,,,,,,,,,,,,
철원,토마토,"철원군은 현무암 기반의 평야 지대로, 농지가 배수가 양호한 특성이 있어 토마토 재배에 유리하다. 이런 철원 지역의 토양과 지리적 특징은 토마토 재배에 적합한 환경이다.",,,,,,,,,,,,,,,,,,,,,,,,,,,,,,,,,,,,,,,,,,,,,,,,,,,,,,,,,,,,,,,,,,,,,,,,,,,,,,,,,,,,,,,,,,,,,,,,,,,,,,,,,,,,,,,,,,,,,,,,,,,,,,,,,,,,,,,,,,,,,,,,,,,,,,,,,,,,,,,,,,,,,,,,,,,,,,,,,,,,,,,,,,,,,,,,,,,,,,,,,,,,,,,,,,,,,,,,,,,,,,,,,,,,,,,,,,,,,,,,,,,,,,,,,,,
철원,쿨포크,철원 쿨포크는 휴전선 최전방 지역에서 생산됩니다.낮과 밤의 일교차가 크고 추운 겨울철을 지내기위해 생리적으로 근육(고기)내에 지방 분포도가 높아 육질이 부드럽고 담백한 맛을 가지고 있습니다.,,,,,,,,,,,,,,,,,,,,,,,,,,,,,,,,,,,,,,,,,,,,,,,,,,,,,,,,,,,,,,,,,,,,,,,,,,,,,,,,,,,,,,,,,,,,,,,,,,,,,,,,,,,,,,,,,,,,,,,,,,,,,,,,,,,,,,,,,,,,,,,,,,,,,,,,,,,,,,,,,,,,,,,,,,,,,,,,,,,,,,,,,,,,,,,,,,,,,,,,,,,,,,,,,,,,,,,,,,,,,,,,,,,,,,,,,,,,,,,,,,,,,,,,,,,
인제,황태,"황태는 숙취해소에도 좋고, 노폐물제거등에 탁월한 효능을 가지고 있기에 웰빙음식으로 으뜸이다.",,,,,,,,,,,,,,,,,,,,,,,,,,,,,,,,,,,,,,,,,,,,,,,,,,,,,,,,,,,,,,,,,,,,,,,,,,,,,,,,,,,,,,,,,,,,,,,,,,,,,,,,,,,,,,,,,,,,,,,,,,,,,,,,,,,,,,,,,,,,,,,,,,,,,,,,,,,,,,,,,,,,,,,,,,,,,,,,,,,,,,,,,,,,,,,,,,,,,,,,,,,,,,,,,,,,,,,,,,,,,,,,,,,,,,,,,,,,,,,,,,,,,,,,,,,
인제,곰취,"산촌지역인 인제는 곰취가 자랄 수 있는 최적의 조건을 가지고 있다. 인제곰취는 일반 곰취와 달리 산지에서 직접 재배된다. 맑은 인제 산의 기운을 받아 자라서 그 맛과 향기가 더욱 진하다. 또한 항암효과, 변비, 노화방지 등에 효과가 있어 건강식으로 손색이 없다.",,,,,,,,,,,,,,,,,,,,,,,,,,,,,,,,,,,,,,,,,,,,,,,,,,,,,,,,,,,,,,,,,,,,,,,,,,,,,,,,,,,,,,,,,,,,,,,,,,,,,,,,,,,,,,,,,,,,,,,,,,,,,,,,,,,,,,,,,,,,,,,,,,,,,,,,,,,,,,,,,,,,,,,,,,,,,,,,,,,,,,,,,,,,,,,,,,,,,,,,,,,,,,,,,,,,,,,,,,,,,,,,,,,,,,,,,,,,,,,,,,,,,,,,,,,
인제,풋고추,"인제의 깨끗한 물과 공기를 마시고 자란 풋고추는 비타민c가 풍부하여 피로회복과 감기예방에 좋다, 또 김치를 담글 때 푹고추를 넣으면 유산균의 발육을 도와 유해균의 발육을 억제하는 효능이 뛰어나다.",,,,,,,,,,,,,,,,,,,,,,,,,,,,,,,,,,,,,,,,,,,,,,,,,,,,,,,,,,,,,,,,,,,,,,,,,,,,,,,,,,,,,,,,,,,,,,,,,,,,,,,,,,,,,,,,,,,,,,,,,,,,,,,,,,,,,,,,,,,,,,,,,,,,,,,,,,,,,,,,,,,,,,,,,,,,,,,,,,,,,,,,,,,,,,,,,,,,,,,,,,,,,,,,,,,,,,,,,,,,,,,,,,,,,,,,,,,,,,,,,,,,,,,,,,,
인제,콩,인제콩은 타지역산 콩보다 이소플라본의 함량이 높고 식이섬유 및 주요 영양성분의 함량 또한 높다.,,,,,,,,,,,,,,,,,,,,,,,,,,,,,,,,,,,,,,,,,,,,,,,,,,,,,,,,,,,,,,,,,,,,,,,,,,,,,,,,,,,,,,,,,,,,,,,,,,,,,,,,,,,,,,,,,,,,,,,,,,,,,,,,,,,,,,,,,,,,,,,,,,,,,,,,,,,,,,,,,,,,,,,,,,,,,,,,,,,,,,,,,,,,,,,,,,,,,,,,,,,,,,,,,,,,,,,,,,,,,,,,,,,,,,,,,,,,,,,,,,,,,,,,,,,
인제,오미자,인제 오미자는 큰 일교차를 바탕으로 고랭지 재배를 하고 있어 최고의 품질을 자랑한다. 그리고 오미자는 피로회복과 소화촉진에 도움이 된다. ,,,,,,,,,,,,,,,,,,,,,,,,,,,,,,,,,,,,,,,,,,,,,,,,,,,,,,,,,,,,,,,,,,,,,,,,,,,,,,,,,,,,,,,,,,,,,,,,,,,,,,,,,,,,,,,,,,,,,,,,,,,,,,,,,,,,,,,,,,,,,,,,,,,,,,,,,,,,,,,,,,,,,,,,,,,,,,,,,,,,,,,,,,,,,,,,,,,,,,,,,,,,,,,,,,,,,,,,,,,,,,,,,,,,,,,,,,,,,,,,,,,,,,,,,,,
양양,산채,"요리에는 엄나무를 넣고 백숙을 해먹으며 약성은 독이 없고 신경통, 관절염, 노화방지에 효과가 있고 사포닌(Saponin), 플라보노이드(Flavonoid), 아미노산 등 풍부하며 특히 수피에서 추출한 플라보노이드는 항산화 효과가 뛰어나다.",,,,,,,,,,,,,,,,,,,,,,,,,,,,,,,,,,,,,,,,,,,,,,,,,,,,,,,,,,,,,,,,,,,,,,,,,,,,,,,,,,,,,,,,,,,,,,,,,,,,,,,,,,,,,,,,,,,,,,,,,,,,,,,,,,,,,,,,,,,,,,,,,,,,,,,,,,,,,,,,,,,,,,,,,,,,,,,,,,,,,,,,,,,,,,,,,,,,,,,,,,,,,,,,,,,,,,,,,,,,,,,,,,,,,,,,,,,,,,,,,,,,,,,,,,,
양양,해뜨미쌀,천혜의 기후 조건과 맑고 깨끗한 남대천 물이 흐르는 양양에서 재배한 쌀은 색택이 투명하고 충실도가 있어 모양과 크기가 균일합니다. 또한 씹히는 질감이 좋고 차지고 기름져 양양의 대표적인 농산물의 하나라 할 수 있습니다.,,,,,,,,,,,,,,,,,,,,,,,,,,,,,,,,,,,,,,,,,,,,,,,,,,,,,,,,,,,,,,,,,,,,,,,,,,,,,,,,,,,,,,,,,,,,,,,,,,,,,,,,,,,,,,,,,,,,,,,,,,,,,,,,,,,,,,,,,,,,,,,,,,,,,,,,,,,,,,,,,,,,,,,,,,,,,,,,,,,,,,,,,,,,,,,,,,,,,,,,,,,,,,,,,,,,,,,,,,,,,,,,,,,,,,,,,,,,,,,,,,,,,,,,,,,
양양,표고버섯,"특히 항종양, 혈압조절, 비만억제, 항당뇨, 면역조절, 간장보호, 생식력 증진 등 매우 다양한 순기능이 알려져 있어 최근의 웰빙붐에 걸맞는 식품입니다. 양양 표고버섯은 천혜의 자연환경(겨울철 따뜻한 기온과 해풍 등)으로 갓의 모양이 두껍고 균일하여 도매시장에서도 최고의 등급을 받는 최상품입니다.",,,,,,,,,,,,,,,,,,,,,,,,,,,,,,,,,,,,,,,,,,,,,,,,,,,,,,,,,,,,,,,,,,,,,,,,,,,,,,,,,,,,,,,,,,,,,,,,,,,,,,,,,,,,,,,,,,,,,,,,,,,,,,,,,,,,,,,,,,,,,,,,,,,,,,,,,,,,,,,,,,,,,,,,,,,,,,,,,,,,,,,,,,,,,,,,,,,,,,,,,,,,,,,,,,,,,,,,,,,,,,,,,,,,,,,,,,,,,,,,,,,,,,,,,,,
양양,감,"비타민 A, B가 풍부하고 몸의 저항력을 높여주며 고혈압, 중풍, 설사, 위장염 등에 효능이 좋은 것으로 알려져 있는 감은 탐스러운 색깔과 감칠맛 나는 맛으로 소비자의 호응이 높은 과일입니다.",,,,,,,,,,,,,,,,,,,,,,,,,,,,,,,,,,,,,,,,,,,,,,,,,,,,,,,,,,,,,,,,,,,,,,,,,,,,,,,,,,,,,,,,,,,,,,,,,,,,,,,,,,,,,,,,,,,,,,,,,,,,,,,,,,,,,,,,,,,,,,,,,,,,,,,,,,,,,,,,,,,,,,,,,,,,,,,,,,,,,,,,,,,,,,,,,,,,,,,,,,,,,,,,,,,,,,,,,,,,,,,,,,,,,,,,,,,,,,,,,,,,,,,,,,,
양양,배,"설악의 신선한 계곡, 남대천 맑은 물로 재배된 낙산배는 색깔이 곱고 과형의 모양새가 좋으며, 석세포가 아주 적고, 과즙액이 많으며, 고당도 감칠 맛이 있습니다.배는 가래기침, 천식 같은 호흡기 질환의 치료 효과가 있고 열이 있는 어린아이에게 배즙을 내어 죽을 쑤어 먹이면 해열이 됩니다.",,,,,,,,,,,,,,,,,,,,,,,,,,,,,,,,,,,,,,,,,,,,,,,,,,,,,,,,,,,,,,,,,,,,,,,,,,,,,,,,,,,,,,,,,,,,,,,,,,,,,,,,,,,,,,,,,,,,,,,,,,,,,,,,,,,,,,,,,,,,,,,,,,,,,,,,,,,,,,,,,,,,,,,,,,,,,,,,,,,,,,,,,,,,,,,,,,,,,,,,,,,,,,,,,,,,,,,,,,,,,,,,,,,,,,,,,,,,,,,,,,,,,,,,,,,
양양,복숭아,"양양의 복숭아는 과육이 연하고 향기가 좋으며 당도가 높습니다.복숭아는 비타민A, 펙틴, 유기산 등이 풍부한 알칼리성 식품으로 면역력을 키워주고 식욕을 돋우어주며 껍질은 해독작용을 해주어 니코틴 등의 독성을 없애 줍니다.",,,,,,,,,,,,,,,,,,,,,,,,,,,,,,,,,,,,,,,,,,,,,,,,,,,,,,,,,,,,,,,,,,,,,,,,,,,,,,,,,,,,,,,,,,,,,,,,,,,,,,,,,,,,,,,,,,,,,,,,,,,,,,,,,,,,,,,,,,,,,,,,,,,,,,,,,,,,,,,,,,,,,,,,,,,,,,,,,,,,,,,,,,,,,,,,,,,,,,,,,,,,,,,,,,,,,,,,,,,,,,,,,,,,,,,,,,,,,,,,,,,,,,,,,,,
양양,양양벌꿀,"피나무, 음나무, 층층나무 등 천혜의 자연 밀원을 가지고 있는 전국 제일의 원시림 재랭봉 사육 보호지역에서 생산된 양양의 토종꿀은 그 품질이 매우 뛰어나고 맛이 진하여 소비자로부터 큰 호응을 얻고 있습니다.",,,,,,,,,,,,,,,,,,,,,,,,,,,,,,,,,,,,,,,,,,,,,,,,,,,,,,,,,,,,,,,,,,,,,,,,,,,,,,,,,,,,,,,,,,,,,,,,,,,,,,,,,,,,,,,,,,,,,,,,,,,,,,,,,,,,,,,,,,,,,,,,,,,,,,,,,,,,,,,,,,,,,,,,,,,,,,,,,,,,,,,,,,,,,,,,,,,,,,,,,,,,,,,,,,,,,,,,,,,,,,,,,,,,,,,,,,,,,,,,,,,,,,,,,,,
양양,느타리버섯,느타리버섯은 향기가 좋아서 예부터 식용으로 이용되어 왔으며 각종 아미노산이 풍부하고 항암 및 항균작용이 있는 다당류를 함유하고 있어 건강식품으로 그 수요가 증가하고 있습니다.,,,,,,,,,,,,,,,,,,,,,,,,,,,,,,,,,,,,,,,,,,,,,,,,,,,,,,,,,,,,,,,,,,,,,,,,,,,,,,,,,,,,,,,,,,,,,,,,,,,,,,,,,,,,,,,,,,,,,,,,,,,,,,,,,,,,,,,,,,,,,,,,,,,,,,,,,,,,,,,,,,,,,,,,,,,,,,,,,,,,,,,,,,,,,,,,,,,,,,,,,,,,,,,,,,,,,,,,,,,,,,,,,,,,,,,,,,,,,,,,,,,,,,,,,,,
강릉,개두릅,"개두릅은 참두릅보다 향이 강하고 약효가 좋은 것이 특징이다. 강릉은 산지가 많아 산간 지역에서 주로 많이 채취되고 있었으나, 일부 마을에서 집중 재배를 통한 생산을 하기 시작하면서 강릉의 명물로 자리하게 되었다.",,,,,,,,,,,,,,,,,,,,,,,,,,,,,,,,,,,,,,,,,,,,,,,,,,,,,,,,,,,,,,,,,,,,,,,,,,,,,,,,,,,,,,,,,,,,,,,,,,,,,,,,,,,,,,,,,,,,,,,,,,,,,,,,,,,,,,,,,,,,,,,,,,,,,,,,,,,,,,,,,,,,,,,,,,,,,,,,,,,,,,,,,,,,,,,,,,,,,,,,,,,,,,,,,,,,,,,,,,,,,,,,,,,,,,,,,,,,,,,,,,,,,,,,,,,
강릉,갯방풍,약용으로 효험이 탁월하다는 사실이 알려져 많은 사람들한테 인기를 받았다.,,,,,,,,,,,,,,,,,,,,,,,,,,,,,,,,,,,,,,,,,,,,,,,,,,,,,,,,,,,,,,,,,,,,,,,,,,,,,,,,,,,,,,,,,,,,,,,,,,,,,,,,,,,,,,,,,,,,,,,,,,,,,,,,,,,,,,,,,,,,,,,,,,,,,,,,,,,,,,,,,,,,,,,,,,,,,,,,,,,,,,,,,,,,,,,,,,,,,,,,,,,,,,,,,,,,,,,,,,,,,,,,,,,,,,,,,,,,,,,,,,,,,,,,,,,
강릉,갈골한과,"강릉 갈골 한과는 강릉의 명품으로 우리 고유의 명절과 결혼식 등 경사스런 날에 주로 쓰이는 전통 식품이며, 간식으로도 즐겨 찾는 대표 상품이다.",,,,,,,,,,,,,,,,,,,,,,,,,,,,,,,,,,,,,,,,,,,,,,,,,,,,,,,,,,,,,,,,,,,,,,,,,,,,,,,,,,,,,,,,,,,,,,,,,,,,,,,,,,,,,,,,,,,,,,,,,,,,,,,,,,,,,,,,,,,,,,,,,,,,,,,,,,,,,,,,,,,,,,,,,,,,,,,,,,,,,,,,,,,,,,,,,,,,,,,,,,,,,,,,,,,,,,,,,,,,,,,,,,,,,,,,,,,,,,,,,,,,,,,,,,,
강릉,주문진오징어,"주문진 오징어는 전국적인 관광객으로 북적이고, 오징어 축제로도 유명해졌다. 주문진 오징어는 반건조 상품으로도 인기가 있으며, 젓갈, 건조 오징어, 오징어채 등 다양한 상품으로 분화되어 유통되고 있다. [기타 강릉의 특산물]",,,,,,,,,,,,,,,,,,,,,,,,,,,,,,,,,,,,,,,,,,,,,,,,,,,,,,,,,,,,,,,,,,,,,,,,,,,,,,,,,,,,,,,,,,,,,,,,,,,,,,,,,,,,,,,,,,,,,,,,,,,,,,,,,,,,,,,,,,,,,,,,,,,,,,,,,,,,,,,,,,,,,,,,,,,,,,,,,,,,,,,,,,,,,,,,,,,,,,,,,,,,,,,,,,,,,,,,,,,,,,,,,,,,,,,,,,,,,,,,,,,,,,,,,,,
횡성,한우,"횡성한우는 육즙이 풍부해 감칠맛과 씹는 맛이 일품이다. 또한 불포화지방산 함량이 높아 가열 후에도 부드러운 육질 및 풍부한 육즙을 보유한다. 필수 아미노산인 라이신, 황아미노산을 다량 함유한 고단백 식품이기도 하며 맛을 결정하는 글루타민산이 다량 함유되어 품질과 맛이 좋다.",,,,,,,,,,,,,,,,,,,,,,,,,,,,,,,,,,,,,,,,,,,,,,,,,,,,,,,,,,,,,,,,,,,,,,,,,,,,,,,,,,,,,,,,,,,,,,,,,,,,,,,,,,,,,,,,,,,,,,,,,,,,,,,,,,,,,,,,,,,,,,,,,,,,,,,,,,,,,,,,,,,,,,,,,,,,,,,,,,,,,,,,,,,,,,,,,,,,,,,,,,,,,,,,,,,,,,,,,,,,,,,,,,,,,,,,,,,,,,,,,,,,,,,,,,,
횡성,더덕,예로부터 산더덕으로 유명한 횡성 더덕은 유기물이 풍부하고 기후가 알맞으며 물이 맑고 토심이 깊은 더덕재배의 최적지에서 끊임없는 연구와 기술개발로 산림청으로 부터 지리적 표시 등록을 받은 전국 최고의 더덕을 생산하고 있다.,,,,,,,,,,,,,,,,,,,,,,,,,,,,,,,,,,,,,,,,,,,,,,,,,,,,,,,,,,,,,,,,,,,,,,,,,,,,,,,,,,,,,,,,,,,,,,,,,,,,,,,,,,,,,,,,,,,,,,,,,,,,,,,,,,,,,,,,,,,,,,,,,,,,,,,,,,,,,,,,,,,,,,,,,,,,,,,,,,,,,,,,,,,,,,,,,,,,,,,,,,,,,,,,,,,,,,,,,,,,,,,,,,,,,,,,,,,,,,,,,,,,,,,,,,,
횡성,안흥찐빵,"전통의 맛, 토속의 맛으로 사랑 받고 있는 안흥찐빵은 막걸리로 발효하여 찰지고 고수한 맛이 뛰어난 우리 서민의 대표적 먹거리로 명성이 높다. 특유의 맛과 향이 깊으며 전통방식으로 제조되어 인스턴트 식품에 길들여진 현대인들에게 쉽게 물리지 않는 어머니의 손맛을 기억나게 한다.",,,,,,,,,,,,,,,,,,,,,,,,,,,,,,,,,,,,,,,,,,,,,,,,,,,,,,,,,,,,,,,,,,,,,,,,,,,,,,,,,,,,,,,,,,,,,,,,,,,,,,,,,,,,,,,,,,,,,,,,,,,,,,,,,,,,,,,,,,,,,,,,,,,,,,,,,,,,,,,,,,,,,,,,,,,,,,,,,,,,,,,,,,,,,,,,,,,,,,,,,,,,,,,,,,,,,,,,,,,,,,,,,,,,,,,,,,,,,,,,,,,,,,,,,,,
횡성,사과,"횡성지역은 준고랭지 지역으로 일교차가 뚜렷하여 사과의 당도가 높고, 조직이 단단하여 아삭아삭한 식감이 우수한 특성이 있다.",,,,,,,,,,,,,,,,,,,,,,,,,,,,,,,,,,,,,,,,,,,,,,,,,,,,,,,,,,,,,,,,,,,,,,,,,,,,,,,,,,,,,,,,,,,,,,,,,,,,,,,,,,,,,,,,,,,,,,,,,,,,,,,,,,,,,,,,,,,,,,,,,,,,,,,,,,,,,,,,,,,,,,,,,,,,,,,,,,,,,,,,,,,,,,,,,,,,,,,,,,,,,,,,,,,,,,,,,,,,,,,,,,,,,,,,,,,,,,,,,,,,,,,,,,,
횡성,잡곡,"횡성의 지역별 특성에 맞는 잡곡류와 웰빙잡곡을 확대 생산하고 있으며 최근 식생활개선과 건강식에 맞는 다양한 잡곡류(참깨, 들깨, 흑임자, 팥, 차조, 수수, 찰옥수수, 콩, 서리태, 약콩, 흑찰벼, 찰벼)를 계약재배를 하고 있으며, 식생활 변화에 맞는 다양한 잡곡이 인기가 있다.",,,,,,,,,,,,,,,,,,,,,,,,,,,,,,,,,,,,,,,,,,,,,,,,,,,,,,,,,,,,,,,,,,,,,,,,,,,,,,,,,,,,,,,,,,,,,,,,,,,,,,,,,,,,,,,,,,,,,,,,,,,,,,,,,,,,,,,,,,,,,,,,,,,,,,,,,,,,,,,,,,,,,,,,,,,,,,,,,,,,,,,,,,,,,,,,,,,,,,,,,,,,,,,,,,,,,,,,,,,,,,,,,,,,,,,,,,,,,,,,,,,,,,,,,,,
횡성,토마토,횡성군 고랭지역인 안흥 둔내지역에서 재배되는 토마토는 일교차가 큰 지역에서 생산되어 당도와 식감이 뛰어나고 저장성이 우수하다.,,,,,,,,,,,,,,,,,,,,,,,,,,,,,,,,,,,,,,,,,,,,,,,,,,,,,,,,,,,,,,,,,,,,,,,,,,,,,,,,,,,,,,,,,,,,,,,,,,,,,,,,,,,,,,,,,,,,,,,,,,,,,,,,,,,,,,,,,,,,,,,,,,,,,,,,,,,,,,,,,,,,,,,,,,,,,,,,,,,,,,,,,,,,,,,,,,,,,,,,,,,,,,,,,,,,,,,,,,,,,,,,,,,,,,,,,,,,,,,,,,,,,,,,,,,
횡성,절임배추,횡성군에서 생산된 배추는 고랭지 및 준고랭지의 큰 일교차로 인하여 육질이 단단하고 쉽게 무르지 않아 장기 보관이 가능하며 고소하고 아삭한 식감으로 맛있는 김치를 만들 수 있다. 또한 고랭지 절임 배추로 담근 2~3년간 숙성시킨 김치(묵은지)도 아삭함이 그대로 유지되는 특성이 있다.,,,,,,,,,,,,,,,,,,,,,,,,,,,,,,,,,,,,,,,,,,,,,,,,,,,,,,,,,,,,,,,,,,,,,,,,,,,,,,,,,,,,,,,,,,,,,,,,,,,,,,,,,,,,,,,,,,,,,,,,,,,,,,,,,,,,,,,,,,,,,,,,,,,,,,,,,,,,,,,,,,,,,,,,,,,,,,,,,,,,,,,,,,,,,,,,,,,,,,,,,,,,,,,,,,,,,,,,,,,,,,,,,,,,,,,,,,,,,,,,,,,,,,,,,,,
평창,배추,"속이 꽉 차고 고소하며, 단맛이 일품이고, 단단하고 아삭한 맛이 일품인 평창 배추이다",,,,,,,,,,,,,,,,,,,,,,,,,,,,,,,,,,,,,,,,,,,,,,,,,,,,,,,,,,,,,,,,,,,,,,,,,,,,,,,,,,,,,,,,,,,,,,,,,,,,,,,,,,,,,,,,,,,,,,,,,,,,,,,,,,,,,,,,,,,,,,,,,,,,,,,,,,,,,,,,,,,,,,,,,,,,,,,,,,,,,,,,,,,,,,,,,,,,,,,,,,,,,,,,,,,,,,,,,,,,,,,,,,,,,,,,,,,,,,,,,,,,,,,,,,,
평창,감자,"당질과 아밀로오스 비타민C 함량이 높고, 특히 혈압을 조절하는 칼륨 성분이 다른 지역보다 21% 높다",,,,,,,,,,,,,,,,,,,,,,,,,,,,,,,,,,,,,,,,,,,,,,,,,,,,,,,,,,,,,,,,,,,,,,,,,,,,,,,,,,,,,,,,,,,,,,,,,,,,,,,,,,,,,,,,,,,,,,,,,,,,,,,,,,,,,,,,,,,,,,,,,,,,,,,,,,,,,,,,,,,,,,,,,,,,,,,,,,,,,,,,,,,,,,,,,,,,,,,,,,,,,,,,,,,,,,,,,,,,,,,,,,,,,,,,,,,,,,,,,,,,,,,,,,,
평창,멜론,일반적인 멜론 당도는 12~13도(Brix)이지만 평창 멜론 당도는 15~18도(Brix)로 매우 높다 ,,,,,,,,,,,,,,,,,,,,,,,,,,,,,,,,,,,,,,,,,,,,,,,,,,,,,,,,,,,,,,,,,,,,,,,,,,,,,,,,,,,,,,,,,,,,,,,,,,,,,,,,,,,,,,,,,,,,,,,,,,,,,,,,,,,,,,,,,,,,,,,,,,,,,,,,,,,,,,,,,,,,,,,,,,,,,,,,,,,,,,,,,,,,,,,,,,,,,,,,,,,,,,,,,,,,,,,,,,,,,,,,,,,,,,,,,,,,,,,,,,,,,,,,,,,
평창,사과,평창 사과는 남부지역 사과보다 조직이 단단하고 당도가 높다,,,,,,,,,,,,,,,,,,,,,,,,,,,,,,,,,,,,,,,,,,,,,,,,,,,,,,,,,,,,,,,,,,,,,,,,,,,,,,,,,,,,,,,,,,,,,,,,,,,,,,,,,,,,,,,,,,,,,,,,,,,,,,,,,,,,,,,,,,,,,,,,,,,,,,,,,,,,,,,,,,,,,,,,,,,,,,,,,,,,,,,,,,,,,,,,,,,,,,,,,,,,,,,,,,,,,,,,,,,,,,,,,,,,,,,,,,,,,,,,,,,,,,,,,,,
평창,송어,평창은 냉수성 어류가 잘 자랄 수 있는 이상적인 환경을 제공하해서 쫄깃하고 담백한 맛이 일품이다,,,,,,,,,,,,,,,,,,,,,,,,,,,,,,,,,,,,,,,,,,,,,,,,,,,,,,,,,,,,,,,,,,,,,,,,,,,,,,,,,,,,,,,,,,,,,,,,,,,,,,,,,,,,,,,,,,,,,,,,,,,,,,,,,,,,,,,,,,,,,,,,,,,,,,,,,,,,,,,,,,,,,,,,,,,,,,,,,,,,,,,,,,,,,,,,,,,,,,,,,,,,,,,,,,,,,,,,,,,,,,,,,,,,,,,,,,,,,,,,,,,,,,,,,,,
평창,산양삼,"산양삼에는 인삼과 동일하게 인삼사포닌과 같은 유효 성분이 함유돼 있으며, 면역력 강화, 피로 회복, 노화 방지, 항산화 작용, 혈압 강하, 혈당 조절 등의 효능이 있다",,,,,,,,,,,,,,,,,,,,,,,,,,,,,,,,,,,,,,,,,,,,,,,,,,,,,,,,,,,,,,,,,,,,,,,,,,,,,,,,,,,,,,,,,,,,,,,,,,,,,,,,,,,,,,,,,,,,,,,,,,,,,,,,,,,,,,,,,,,,,,,,,,,,,,,,,,,,,,,,,,,,,,,,,,,,,,,,,,,,,,,,,,,,,,,,,,,,,,,,,,,,,,,,,,,,,,,,,,,,,,,,,,,,,,,,,,,,,,,,,,,,,,,,,,,
평창,메밀,"밀은 루틴, 비타민D, 인산, 섬유질 등을 다량 함유하고 있어 고혈압과 당뇨병, 비만, 변비에 효과적입니다.",,,,,,,,,,,,,,,,,,,,,,,,,,,,,,,,,,,,,,,,,,,,,,,,,,,,,,,,,,,,,,,,,,,,,,,,,,,,,,,,,,,,,,,,,,,,,,,,,,,,,,,,,,,,,,,,,,,,,,,,,,,,,,,,,,,,,,,,,,,,,,,,,,,,,,,,,,,,,,,,,,,,,,,,,,,,,,,,,,,,,,,,,,,,,,,,,,,,,,,,,,,,,,,,,,,,,,,,,,,,,,,,,,,,,,,,,,,,,,,,,,,,,,,,,,,
정선,콩,"약콩이라 불리는 나물콩으로 정선지방에서 전래되어온 특산종임. 콩나물콩 및 장류콩으로 이용하였고, 약용으로는 당뇨, 고혈압, 동맥경화, 천식, 거담, 기관지염 등에 쓰인다.",,,,,,,,,,,,,,,,,,,,,,,,,,,,,,,,,,,,,,,,,,,,,,,,,,,,,,,,,,,,,,,,,,,,,,,,,,,,,,,,,,,,,,,,,,,,,,,,,,,,,,,,,,,,,,,,,,,,,,,,,,,,,,,,,,,,,,,,,,,,,,,,,,,,,,,,,,,,,,,,,,,,,,,,,,,,,,,,,,,,,,,,,,,,,,,,,,,,,,,,,,,,,,,,,,,,,,,,,,,,,,,,,,,,,,,,,,,,,,,,,,,,,,,,,,,
정선,찰옥수수,"찰옥수수는 탄수화물과 섬유질, 항산화 물질 등 풍부한 영양성분을 가지고 있습니다. 특히 비타민B는 여름철 무기력증을 이기는 데 도움을 주며, 얼룩찰옥수수와 검정찰옥수수에는 항산화 활성이 높은 안토시아닌 성분이 함유되어 있습니다.",,,,,,,,,,,,,,,,,,,,,,,,,,,,,,,,,,,,,,,,,,,,,,,,,,,,,,,,,,,,,,,,,,,,,,,,,,,,,,,,,,,,,,,,,,,,,,,,,,,,,,,,,,,,,,,,,,,,,,,,,,,,,,,,,,,,,,,,,,,,,,,,,,,,,,,,,,,,,,,,,,,,,,,,,,,,,,,,,,,,,,,,,,,,,,,,,,,,,,,,,,,,,,,,,,,,,,,,,,,,,,,,,,,,,,,,,,,,,,,,,,,,,,,,,,,
정선,수수,"풍부하게 함유된 철, 인과 같은 무기질 등이 단백질 생성을 촉진하는 작용을 해 피부 미용에 도움 주며, 수용성 식이섬유가 풍부해 혈중 콜레스테롤을 떨어트려 주고, 프로안토시아니딘이라는 성분이 방광의 면역 기능을 강화하고 염증을 완화하는 데 도움을 준다.",,,,,,,,,,,,,,,,,,,,,,,,,,,,,,,,,,,,,,,,,,,,,,,,,,,,,,,,,,,,,,,,,,,,,,,,,,,,,,,,,,,,,,,,,,,,,,,,,,,,,,,,,,,,,,,,,,,,,,,,,,,,,,,,,,,,,,,,,,,,,,,,,,,,,,,,,,,,,,,,,,,,,,,,,,,,,,,,,,,,,,,,,,,,,,,,,,,,,,,,,,,,,,,,,,,,,,,,,,,,,,,,,,,,,,,,,,,,,,,,,,,,,,,,,,,
정선,황기,"황기는 전통적으로 피로, 식욕감퇴, 자연발한, 호흡곤란 등의 증세를 치료하고 쇠약해진 기운을 회복시켜주는 용도로 많이 사용되어 왔다.항염증 및 항고혈압, 간장보호, 항산화, 항바이러스, 심장혈관보호, 면역증진활성, 항노화 등의 효능이 보고된 바 있다.",,,,,,,,,,,,,,,,,,,,,,,,,,,,,,,,,,,,,,,,,,,,,,,,,,,,,,,,,,,,,,,,,,,,,,,,,,,,,,,,,,,,,,,,,,,,,,,,,,,,,,,,,,,,,,,,,,,,,,,,,,,,,,,,,,,,,,,,,,,,,,,,,,,,,,,,,,,,,,,,,,,,,,,,,,,,,,,,,,,,,,,,,,,,,,,,,,,,,,,,,,,,,,,,,,,,,,,,,,,,,,,,,,,,,,,,,,,,,,,,,,,,,,,,,,,
원주,치악산복숭아,치악산 기슭의 물빠짐이 좋은 경사지에 많이 재배 되고 일조량이 많아 당도가 매우 높아 전국 최고의 맛과 향을 자랑합니다.,,,,,,,,,,,,,,,,,,,,,,,,,,,,,,,,,,,,,,,,,,,,,,,,,,,,,,,,,,,,,,,,,,,,,,,,,,,,,,,,,,,,,,,,,,,,,,,,,,,,,,,,,,,,,,,,,,,,,,,,,,,,,,,,,,,,,,,,,,,,,,,,,,,,,,,,,,,,,,,,,,,,,,,,,,,,,,,,,,,,,,,,,,,,,,,,,,,,,,,,,,,,,,,,,,,,,,,,,,,,,,,,,,,,,,,,,,,,,,,,,,,,,,,,,,,
원주,치악산배,조선시대부터 원주 무실동지역에서 생산되어 왔으며 일조량이 많은 지역적 특성으로 인해 당도가 높고 과즙이 풍부하며 연한 속살이 시원하게 씹 히는 과일로 품질이 우수합니다.,,,,,,,,,,,,,,,,,,,,,,,,,,,,,,,,,,,,,,,,,,,,,,,,,,,,,,,,,,,,,,,,,,,,,,,,,,,,,,,,,,,,,,,,,,,,,,,,,,,,,,,,,,,,,,,,,,,,,,,,,,,,,,,,,,,,,,,,,,,,,,,,,,,,,,,,,,,,,,,,,,,,,,,,,,,,,,,,,,,,,,,,,,,,,,,,,,,,,,,,,,,,,,,,,,,,,,,,,,,,,,,,,,,,,,,,,,,,,,,,,,,,,,,,,,,
원주,큰송이버섯,원주시 농업기술센터에서 2년간 농가 실증시험을 거쳐 국내최초로 재배법 개발과 새로운 버섯의 대량생산에 성공한 국내 유일의 명품화 사업을 추진하고 있는 버섯입니다.,,,,,,,,,,,,,,,,,,,,,,,,,,,,,,,,,,,,,,,,,,,,,,,,,,,,,,,,,,,,,,,,,,,,,,,,,,,,,,,,,,,,,,,,,,,,,,,,,,,,,,,,,,,,,,,,,,,,,,,,,,,,,,,,,,,,,,,,,,,,,,,,,,,,,,,,,,,,,,,,,,,,,,,,,,,,,,,,,,,,,,,,,,,,,,,,,,,,,,,,,,,,,,,,,,,,,,,,,,,,,,,,,,,,,,,,,,,,,,,,,,,,,,,,,,,
원주,조엄밤고구마,오염되지 않은 매화마을의 황토밭에서 생산된 무공해 자연 건강 식품입니다. 고구마의 생육이 가장 알맞은 지정면과 호저면 매화마을에 설치해 이곳에서 생산되는 고구마는 특히 밤고구마라고 부를 만큼 달고 맛있어 타지에서 인기가 좋습니다.,,,,,,,,,,,,,,,,,,,,,,,,,,,,,,,,,,,,,,,,,,,,,,,,,,,,,,,,,,,,,,,,,,,,,,,,,,,,,,,,,,,,,,,,,,,,,,,,,,,,,,,,,,,,,,,,,,,,,,,,,,,,,,,,,,,,,,,,,,,,,,,,,,,,,,,,,,,,,,,,,,,,,,,,,,,,,,,,,,,,,,,,,,,,,,,,,,,,,,,,,,,,,,,,,,,,,,,,,,,,,,,,,,,,,,,,,,,,,,,,,,,,,,,,,,,
영월,고추,"영월에서 생산되는 고추는 색깔이 곱고 껍질이 두꺼우며 특유의 매운맛과 단맛이 조화를 이루고 있으며, 점토질 토양에서 재배되는 특성상 저장력이 강하여 영월농협, 서남농협, 주천농협에서 판매되는 풋고추와 고춧가루는 인기 품목 중 하나이다. 고추는 비타민이 다량 함유되어 있어 소화를 돕고 식욕 증진에 도움을 주며 혈액순환에도 좋다.",,,,,,,,,,,,,,,,,,,,,,,,,,,,,,,,,,,,,,,,,,,,,,,,,,,,,,,,,,,,,,,,,,,,,,,,,,,,,,,,,,,,,,,,,,,,,,,,,,,,,,,,,,,,,,,,,,,,,,,,,,,,,,,,,,,,,,,,,,,,,,,,,,,,,,,,,,,,,,,,,,,,,,,,,,,,,,,,,,,,,,,,,,,,,,,,,,,,,,,,,,,,,,,,,,,,,,,,,,,,,,,,,,,,,,,,,,,,,,,,,,,,,,,,,,,
영월,포도,영월이 석회암 토양에 적당한 일교차로 재배에 최적의 환경을 갖추고 있어 껍질이 부드럽고 당도가 높으며 열매가 크고 신맛이 적은 것이 특징이다,,,,,,,,,,,,,,,,,,,,,,,,,,,,,,,,,,,,,,,,,,,,,,,,,,,,,,,,,,,,,,,,,,,,,,,,,,,,,,,,,,,,,,,,,,,,,,,,,,,,,,,,,,,,,,,,,,,,,,,,,,,,,,,,,,,,,,,,,,,,,,,,,,,,,,,,,,,,,,,,,,,,,,,,,,,,,,,,,,,,,,,,,,,,,,,,,,,,,,,,,,,,,,,,,,,,,,,,,,,,,,,,,,,,,,,,,,,,,,,,,,,,,,,,,,,
영월,고구마,"영월에서 생산되는 고구마는 ‘꿀고구마’라 불릴 정도로 당도가 높고, 섬유소가 풍부하게 들어 있어 변비와 대장암에도 효과가 있는 것으로 알려져 있다. 또 고구마 껍질에는 항산화물질이 들어있어 면역력을 높이고 혈액순환을 원활하게 하는 데 효과가 있다고 한다.",,,,,,,,,,,,,,,,,,,,,,,,,,,,,,,,,,,,,,,,,,,,,,,,,,,,,,,,,,,,,,,,,,,,,,,,,,,,,,,,,,,,,,,,,,,,,,,,,,,,,,,,,,,,,,,,,,,,,,,,,,,,,,,,,,,,,,,,,,,,,,,,,,,,,,,,,,,,,,,,,,,,,,,,,,,,,,,,,,,,,,,,,,,,,,,,,,,,,,,,,,,,,,,,,,,,,,,,,,,,,,,,,,,,,,,,,,,,,,,,,,,,,,,,,,,
태백,해초된장,해초된장은 살아 숨쉬는 깊은 장독 속에서 하늘아래 첫동네인 태백의 맑은 공기와 햇살을 받으며 숙성된 된장이다. 된장은 항암과 변비에 효과적이며 동맥경화를 예방하는 효능을 지니고 있다. ,,,,,,,,,,,,,,,,,,,,,,,,,,,,,,,,,,,,,,,,,,,,,,,,,,,,,,,,,,,,,,,,,,,,,,,,,,,,,,,,,,,,,,,,,,,,,,,,,,,,,,,,,,,,,,,,,,,,,,,,,,,,,,,,,,,,,,,,,,,,,,,,,,,,,,,,,,,,,,,,,,,,,,,,,,,,,,,,,,,,,,,,,,,,,,,,,,,,,,,,,,,,,,,,,,,,,,,,,,,,,,,,,,,,,,,,,,,,,,,,,,,,,,,,,,,
태백,산채감자송편, 산채감자송편은 산에서 곰취와 곤드레 같은 산채를 야생으로 직접 재배하여 사용함으로 산나물에서만 느낄 수 있는 고유한 향과 맛이 고스란히 담겨있고 생감자를 갈아서 첨가 하여 더욱더 쫄깃하고 부드러운 맛을 느낄 수 있다.,,,,,,,,,,,,,,,,,,,,,,,,,,,,,,,,,,,,,,,,,,,,,,,,,,,,,,,,,,,,,,,,,,,,,,,,,,,,,,,,,,,,,,,,,,,,,,,,,,,,,,,,,,,,,,,,,,,,,,,,,,,,,,,,,,,,,,,,,,,,,,,,,,,,,,,,,,,,,,,,,,,,,,,,,,,,,,,,,,,,,,,,,,,,,,,,,,,,,,,,,,,,,,,,,,,,,,,,,,,,,,,,,,,,,,,,,,,,,,,,,,,,,,,,,,,
태백,참곰취,"곰취는 고기를 태우면 생기는 강력한 발암물질인 벤조피렌의 활성을 60%~80% 억제하는 효과가 있다고 밝혀졌으며, 각 종 암세포의 성장을 억제하는 효과가 있다.",,,,,,,,,,,,,,,,,,,,,,,,,,,,,,,,,,,,,,,,,,,,,,,,,,,,,,,,,,,,,,,,,,,,,,,,,,,,,,,,,,,,,,,,,,,,,,,,,,,,,,,,,,,,,,,,,,,,,,,,,,,,,,,,,,,,,,,,,,,,,,,,,,,,,,,,,,,,,,,,,,,,,,,,,,,,,,,,,,,,,,,,,,,,,,,,,,,,,,,,,,,,,,,,,,,,,,,,,,,,,,,,,,,,,,,,,,,,,,,,,,,,,,,,,,,
태백,말린곤드레,태백산 고지에서 자생하는 산채로 맛이 담백하고 부드러우며 향이 독특하다. 곤드레는 나물밥으로도 유명하며 성인병 예방이나 신경통에도 좋다고 알려져 있다.,,,,,,,,,,,,,,,,,,,,,,,,,,,,,,,,,,,,,,,,,,,,,,,,,,,,,,,,,,,,,,,,,,,,,,,,,,,,,,,,,,,,,,,,,,,,,,,,,,,,,,,,,,,,,,,,,,,,,,,,,,,,,,,,,,,,,,,,,,,,,,,,,,,,,,,,,,,,,,,,,,,,,,,,,,,,,,,,,,,,,,,,,,,,,,,,,,,,,,,,,,,,,,,,,,,,,,,,,,,,,,,,,,,,,,,,,,,,,,,,,,,,,,,,,,,
태백,김치,"태백김치는 달고 아삭아삭한 배추로 담근 배추김장김치도 우수하지만 갓김치, 총각김치, 파김치 등도 저마다의 맛과 감칠맛을 자랑하는 우수 특산물이다.",,,,,,,,,,,,,,,,,,,,,,,,,,,,,,,,,,,,,,,,,,,,,,,,,,,,,,,,,,,,,,,,,,,,,,,,,,,,,,,,,,,,,,,,,,,,,,,,,,,,,,,,,,,,,,,,,,,,,,,,,,,,,,,,,,,,,,,,,,,,,,,,,,,,,,,,,,,,,,,,,,,,,,,,,,,,,,,,,,,,,,,,,,,,,,,,,,,,,,,,,,,,,,,,,,,,,,,,,,,,,,,,,,,,,,,,,,,,,,,,,,,,,,,,,,,
삼척,대게,"지방함유량이 적고 단백질 아미노산, 무기질 풍부하다. 면역력 증진, 어린이 성장발육에 으뜸이고, 시력 회복, 피로예방, 간기능도 도와준다.",,,,,,,,,,,,,,,,,,,,,,,,,,,,,,,,,,,,,,,,,,,,,,,,,,,,,,,,,,,,,,,,,,,,,,,,,,,,,,,,,,,,,,,,,,,,,,,,,,,,,,,,,,,,,,,,,,,,,,,,,,,,,,,,,,,,,,,,,,,,,,,,,,,,,,,,,,,,,,,,,,,,,,,,,,,,,,,,,,,,,,,,,,,,,,,,,,,,,,,,,,,,,,,,,,,,,,,,,,,,,,,,,,,,,,,,,,,,,,,,,,,,,,,,,,,
삼척,돌미역,미역이 많이 나는 삼척 지역의 해안 중에서도 품질이 좋기로 유명한 삼척 고포마을의 돌미역은 요오드와 칼륨 성분이 들어있어 산모들의 산후조리를 위해서도 많이 쓰인다.,,,,,,,,,,,,,,,,,,,,,,,,,,,,,,,,,,,,,,,,,,,,,,,,,,,,,,,,,,,,,,,,,,,,,,,,,,,,,,,,,,,,,,,,,,,,,,,,,,,,,,,,,,,,,,,,,,,,,,,,,,,,,,,,,,,,,,,,,,,,,,,,,,,,,,,,,,,,,,,,,,,,,,,,,,,,,,,,,,,,,,,,,,,,,,,,,,,,,,,,,,,,,,,,,,,,,,,,,,,,,,,,,,,,,,,,,,,,,,,,,,,,,,,,,,,
삼척,토종꿀,"삼척 토종벌꿀은 아카시아 꿀, 밤꽃 꿀, 야생화 꿀이 있는데, 벌이 꿀을 모아오는 꽃에 따라 오묘하게 다른 풍부한 맛을 느낄 수 있다. ",,,,,,,,,,,,,,,,,,,,,,,,,,,,,,,,,,,,,,,,,,,,,,,,,,,,,,,,,,,,,,,,,,,,,,,,,,,,,,,,,,,,,,,,,,,,,,,,,,,,,,,,,,,,,,,,,,,,,,,,,,,,,,,,,,,,,,,,,,,,,,,,,,,,,,,,,,,,,,,,,,,,,,,,,,,,,,,,,,,,,,,,,,,,,,,,,,,,,,,,,,,,,,,,,,,,,,,,,,,,,,,,,,,,,,,,,,,,,,,,,,,,,,,,,,,
삼척,왕마늘,삼척에서 재배된 마늘은 통이 굵고 단단해서 보기도 좋고 맛도 좋은데 이 마늘에는 항암 작용을 하며 성인병을 예방하고 소화 톡진에 도움을 주는 알린 성분이 많이 함유되어 있다. ,,,,,,,,,,,,,,,,,,,,,,,,,,,,,,,,,,,,,,,,,,,,,,,,,,,,,,,,,,,,,,,,,,,,,,,,,,,,,,,,,,,,,,,,,,,,,,,,,,,,,,,,,,,,,,,,,,,,,,,,,,,,,,,,,,,,,,,,,,,,,,,,,,,,,,,,,,,,,,,,,,,,,,,,,,,,,,,,,,,,,,,,,,,,,,,,,,,,,,,,,,,,,,,,,,,,,,,,,,,,,,,,,,,,,,,,,,,,,,,,,,,,,,,,,,,
춘천,잣,춘천 지역의 잣은 소양강 등 강이 많으면서 습도가 높기 때문에 잣이 자라기 최적의 조건을 갖추고 있기 때문에 국내 최초로 국립농산물 검사소에게 품질 인증을 획득했다.,,,,,,,,,,,,,,,,,,,,,,,,,,,,,,,,,,,,,,,,,,,,,,,,,,,,,,,,,,,,,,,,,,,,,,,,,,,,,,,,,,,,,,,,,,,,,,,,,,,,,,,,,,,,,,,,,,,,,,,,,,,,,,,,,,,,,,,,,,,,,,,,,,,,,,,,,,,,,,,,,,,,,,,,,,,,,,,,,,,,,,,,,,,,,,,,,,,,,,,,,,,,,,,,,,,,,,,,,,,,,,,,,,,,,,,,,,,,,,,,,,,,,,,,,,,
춘천,상황버섯,상황버섯은 초기 암이나 증식되는 것을 막아주는 효과가 굉장히 뛰어나면서 고혈압에 대해서 혈압강하 작용이 아무 좋은 식품이다.,,,,,,,,,,,,,,,,,,,,,,,,,,,,,,,,,,,,,,,,,,,,,,,,,,,,,,,,,,,,,,,,,,,,,,,,,,,,,,,,,,,,,,,,,,,,,,,,,,,,,,,,,,,,,,,,,,,,,,,,,,,,,,,,,,,,,,,,,,,,,,,,,,,,,,,,,,,,,,,,,,,,,,,,,,,,,,,,,,,,,,,,,,,,,,,,,,,,,,,,,,,,,,,,,,,,,,,,,,,,,,,,,,,,,,,,,,,,,,,,,,,,,,,,,,,
춘천,동종하초,"인삼, 녹용과 함께 주요 한방 약재로 꼽히는데요. 면역력을 높여 감기 같은 질환을 다스리는데 큰 효과가 있는 것으로 확인됐습니다.",,,,,,,,,,,,,,,,,,,,,,,,,,,,,,,,,,,,,,,,,,,,,,,,,,,,,,,,,,,,,,,,,,,,,,,,,,,,,,,,,,,,,,,,,,,,,,,,,,,,,,,,,,,,,,,,,,,,,,,,,,,,,,,,,,,,,,,,,,,,,,,,,,,,,,,,,,,,,,,,,,,,,,,,,,,,,,,,,,,,,,,,,,,,,,,,,,,,,,,,,,,,,,,,,,,,,,,,,,,,,,,,,,,,,,,,,,,,,,,,,,,,,,,,,,,
춘천,닭갈비,"두뇌발달을 돕는 단백질이 닭고기에 아주 풍부하게 들어 있고, 필수 아미노산이 풍부해 뇌신경 전달물질의 활동을 촉진시켜주기까지 한다. 또한 간을 보호해 주고 항암 효과가 있다.",,,,,,,,,,,,,,,,,,,,,,,,,,,,,,,,,,,,,,,,,,,,,,,,,,,,,,,,,,,,,,,,,,,,,,,,,,,,,,,,,,,,,,,,,,,,,,,,,,,,,,,,,,,,,,,,,,,,,,,,,,,,,,,,,,,,,,,,,,,,,,,,,,,,,,,,,,,,,,,,,,,,,,,,,,,,,,,,,,,,,,,,,,,,,,,,,,,,,,,,,,,,,,,,,,,,,,,,,,,,,,,,,,,,,,,,,,,,,,,,,,,,,,,,,,,
